Name,Pos,Status,Height,Weight
"Allen, Cortez",DB,RES,6'1,197
"Anderson, Kevin",LB,RES,6'4,244
"Ayers, DeMarcus",WR,ACT,5'10,190
"Bell, Le'Veon",RB,ACT,6'1,225
"Berry, Jordan",P,ACT,6'5,195
"Boswell, Chris",K,ACT,6'2,185
"Brown, Antonio",WR,ACT,5'10,181
"Bryant, Martavis",WR,SUS,6'4,211
"Burns, Artie",CB,ACT,6'0,197
"Chickillo, Anthony",OLB,ACT,6'3,255
"Coates, Sammie",WR,ACT,6'1,212
"Cockrell, Ross",CB,ACT,6'0,191
"Dangerfield, Jordan",SS,ACT,5'10,199
"Davis, Sean",SS,ACT,6'1,202
"DeCastro, David",G,ACT,6'5,316
"Dupree, Bud",OLB,ACT,6'4,269
"Finney, B.J.",OG,ACT,6'4,318
"Fort, L.J.",LB,ACT,6'0,232
"Foster, Ramon",G,ACT,6'5,328
"Gay, William",CB,ACT,5'10,187
"Gilbert, Justin",DB,ACT,6'0,202
"Gilbert, Marcus",T,ACT,6'6,330
"Golden, Robert",SS,ACT,5'11,202
"Golson, Senquez",CB,RES,5'9,176
"Green, Ladarius",TE,ACT,6'6,240
"Grimble, Xavier",TE,ACT,6'4,261
"Hamilton, Cobi",WR,ACT,6'2,197
"Hargrave, Javon",NT,ACT,6'1,305
"Harris, Ryan",T,RES,6'5,302
"Harrison, James",OLB,ACT,6'0,242
"Hawkins, Jerald",OT,RES,6'6,305
"Heyward, Cameron",DE,RES,6'5,295
"Heyward-Bey, Darrius",WR,ACT,6'2,210
"Hubbard, Chris",OT,ACT,6'4,295
"James, Jesse",TE,ACT,6'7,261
"Johnson, Steven",LB,RES,6'1,237
"Johnson, David",TE,ACT,6'2,260
"Jones, Jarvis",OLB,ACT,6'3,248
"Jones, Landry",QB,ACT,6'4,225
"Manhart, Cole",OG,RES,6'4,298
"Matakevich, Tyler",OLB,ACT,6'1,235
"Mathews, Ricardo",DE,ACT,6'3,300
"Maxey, Johnny",DT,ACT,6'5,303
"McCullers-Sanders, Dan",NT,ACT,6'7,352
"Mettenberger, Zach",QB,ACT,6'5,224
"Mihalik, Brian",OT,ACT,6'9,302
"Mitchell, Mike",FS,ACT,6'1,221
"Moats, Arthur",OLB,ACT,6'0,246
"Nix-Jones, Roosevelt",FB,ACT,5'11,248
"Pouncey, Maurkice",C,ACT,6'4,304
"Roethlisberger, Ben",QB,ACT,6'5,240
"Rogers, Eli",WR,ACT,5'10,187
"Severin, Canaan",WR,RES,6'2,205
"Shabazz, Al-Hajj",DB,ACT,6'0,200
"Shazier, Ryan",ILB,ACT,6'1,230
"Thomas, Shamarko",SS,RES,5'9,205
"Timmons, Lawrence",ILB,ACT,6'1,234
"Toussaint, Fitzgerald",RB,ACT,5'9,204
"Tuitt, Stephon",DE,ACT,6'6,303
"Ume-Ezeoke, Valerian",C,RES,6'3,295
"Villanueva, Alejandro",T,ACT,6'9,320
"Wallace, Cody",C,RES,6'4,296
"Walton, L.T.",DE,ACT,6'5,305
"Warren, Greg",LS,ACT,6'3,252
"Wheaton, Markus",WR,RES,5'11,189
"Williams, DeAngelo",RB,ACT,5'9,207
"Williams, Vince",ILB,ACT,6'1,233
